{
  "id": "2791777",
  "name": "test",
  "font_family": "iconfont",
  "css_prefix_text": "icon-",
  "description": "",
  "glyphs": [
    {
      "icon_id": "23880811",
      "name": "部门概况",
      "font_class": "bumengaikuang",
      "unicode": "e60d",
      "unicode_decimal": 58893
    },
    {
      "icon_id": "23880812",
      "name": "技术转移",
      "font_class": "jishuzhuanyi",
      "unicode": "e60e",
      "unicode_decimal": 58894
    },
    {
      "icon_id": "23880813",
      "name": "科技团队,师资队伍",
      "font_class": "kejituandui",
      "unicode": "e60f",
      "unicode_decimal": 58895
    },
    {
      "icon_id": "23880814",
      "name": "科学技术",
      "font_class": "kexuejishu",
      "unicode": "e610",
      "unicode_decimal": 58896
    },
    {
      "icon_id": "23880815",
      "name": "通知公告",
      "font_class": "tongzhigonggao",
      "unicode": "e611",
      "unicode_decimal": 58897
    },
    {
      "icon_id": "23880816",
      "name": "科学技术2",
      "font_class": "kexuejishu2",
      "unicode": "e612",
      "unicode_decimal": 58898
    },
    {
      "icon_id": "23880817",
      "name": "下载中心",
      "font_class": "xiazaizhongxin",
      "unicode": "e613",
      "unicode_decimal": 58899
    },
    {
      "icon_id": "23880818",
      "name": "新闻动态",
      "font_class": "xinwendongtai",
      "unicode": "e614",
      "unicode_decimal": 58900
    },
    {
      "icon_id": "23880819",
      "name": "学术讲座",
      "font_class": "xueshujiangzuo",
      "unicode": "e615",
      "unicode_decimal": 58901
    },
    {
      "icon_id": "23880821",
      "name": "业务流程",
      "font_class": "yewuliucheng",
      "unicode": "e616",
      "unicode_decimal": 58902
    },
    {
      "icon_id": "23880822",
      "name": "友情链接",
      "font_class": "youqinglianjie",
      "unicode": "e617",
      "unicode_decimal": 58903
    },
    {
      "icon_id": "23880823",
      "name": "规章制度",
      "font_class": "zhengceguizhang",
      "unicode": "e618",
      "unicode_decimal": 58904
    },
    {
      "icon_id": "23899459",
      "name": "农业之星",
      "font_class": "nongyekeji",
      "unicode": "e619",
      "unicode_decimal": 58905
    },
    {
      "icon_id": "23899460",
      "name": "农业科技",
      "font_class": "nongyekeji2",
      "unicode": "e61a",
      "unicode_decimal": 58906
    },
    {
      "icon_id": "23899461",
      "name": "证书",
      "font_class": "zhengshu",
      "unicode": "e61b",
      "unicode_decimal": 58907
    },
    {
      "icon_id": "23899462",
      "name": "知识产权",
      "font_class": "zhengceguizhang2",
      "unicode": "e61c",
      "unicode_decimal": 58908
    },
    {
      "icon_id": "23899463",
      "name": "科学实验",
      "font_class": "kexueshiyan",
      "unicode": "e61d",
      "unicode_decimal": 58909
    },
    {
      "icon_id": "23899464",
      "name": "人文社科",
      "font_class": "renwensheke",
      "unicode": "e61e",
      "unicode_decimal": 58910
    },
    {
      "icon_id": "23899970",
      "name": "学位",
      "font_class": "xuewei",
      "unicode": "e61f",
      "unicode_decimal": 58911
    },
    {
      "icon_id": "23899971",
      "name": "科技平台",
      "font_class": "kejipingtai",
      "unicode": "e620",
      "unicode_decimal": 58912
    },
    {
      "icon_id": "23928234",
      "name": "学校",
      "font_class": "xuexiao",
      "unicode": "e621",
      "unicode_decimal": 58913
    },
    {
      "icon_id": "23928235",
      "name": "企业",
      "font_class": "qiye",
      "unicode": "e622",
      "unicode_decimal": 58914
    },
    {
      "icon_id": "23928236",
      "name": "黑板,培训",
      "font_class": "heiban",
      "unicode": "e623",
      "unicode_decimal": 58915
    },
    {
      "icon_id": "23928237",
      "name": "科研成果",
      "font_class": "yewu-heji_keyanchengguo",
      "unicode": "e624",
      "unicode_decimal": 58916
    },
    {
      "icon_id": "23953032",
      "name": "联盟专家",
      "font_class": "lianmengzhuanjia",
      "unicode": "e625",
      "unicode_decimal": 58917
    },
    {
      "icon_id": "23953033",
      "name": "科技创业,就业",
      "font_class": "kejichuangye",
      "unicode": "e626",
      "unicode_decimal": 58918
    },
    {
      "icon_id": "23953034",
      "name": "产学研合作",
      "font_class": "chanxueyanhezuo",
      "unicode": "e627",
      "unicode_decimal": 58919
    },
    {
      "icon_id": "23953035",
      "name": "专利成果",
      "font_class": "zhuanlichengguo",
      "unicode": "e628",
      "unicode_decimal": 58920
    },
    {
      "icon_id": "23953036",
      "name": "咨询服务",
      "font_class": "zixunfuwu",
      "unicode": "e629",
      "unicode_decimal": 58921
    },
    {
      "icon_id": "24035279",
      "name": "网络课程,在线教育",
      "font_class": "a-wangluokechengzaixianjiaoyu",
      "unicode": "e62a",
      "unicode_decimal": 58922
    },
    {
      "icon_id": "24035280",
      "name": "奖学金",
      "font_class": "jiangxuejin",
      "unicode": "e62b",
      "unicode_decimal": 58923
    },
    {
      "icon_id": "24035281",
      "name": "书籍",
      "font_class": "shuji",
      "unicode": "e62c",
      "unicode_decimal": 58924
    },
    {
      "icon_id": "24035282",
      "name": "班车时刻",
      "font_class": "bancheshike",
      "unicode": "e62d",
      "unicode_decimal": 58925
    },
    {
      "icon_id": "24035283",
      "name": "学生资料",
      "font_class": "xueshengziliao",
      "unicode": "e62e",
      "unicode_decimal": 58926
    },
    {
      "icon_id": "24035284",
      "name": "学生",
      "font_class": "xuesheng",
      "unicode": "e62f",
      "unicode_decimal": 58927
    },
    {
      "icon_id": "24035285",
      "name": "校园风景",
      "font_class": "xiaoyuanfengjing",
      "unicode": "e630",
      "unicode_decimal": 58928
    },
    {
      "icon_id": "24035286",
      "name": "校园生活",
      "font_class": "xiaoyuanshenghuo",
      "unicode": "e631",
      "unicode_decimal": 58929
    },
    {
      "icon_id": "24035287",
      "name": "校园服务,服务大厅",
      "font_class": "a-xiaoyuanfuwufuwudating",
      "unicode": "e632",
      "unicode_decimal": 58930
    },
    {
      "icon_id": "24035288",
      "name": "校报,学术期刊",
      "font_class": "a-xiaobaoxueshuqikan",
      "unicode": "e633",
      "unicode_decimal": 58931
    },
    {
      "icon_id": "24035289",
      "name": "校园热点",
      "font_class": "xiaoyuanredian",
      "unicode": "e634",
      "unicode_decimal": 58932
    }
  ]
}
